,Player,Team,Age,GP,W,L,Min,PTS,FGM,FGA,FG%,3PM,3PA,3P%,FTM,FTA,FT%,OREB,DREB,REB,AST,TOV,STL,BLK,PF,FP,DD2,TD3,+/-
1,Joel Embiid,PHI,30,6,2,4,41.4,33,9.8,22.2,44.4,2.2,6.5,33.3,11.2,13,85.9,3.2,7.7,10.8,5.7,4.2,1.2,1.5,3.3,58.3,4,1,7.7
2,Jalen Brunson,NYK,27,13,7,6,39.8,32.4,11.6,26.2,44.4,2,6.5,31,7.2,9.2,77.5,0.6,2.7,3.3,7.5,2.7,0.8,0.2,2,47.6,3,0,0.9
3,Damian Lillard,MIL,33,4,1,3,39.1,31.3,8.5,20.3,42,5,12,41.7,9.3,9.5,97.4,0.5,2.8,3.3,5,2.3,1,0,2,43.4,0,0,-8.8
4,Shai Gilgeous-Alexander,OKC,25,10,6,4,39.9,30.2,11.1,22.4,49.6,1.6,3.7,43.2,6.4,8.1,79,0.8,6.4,7.2,6.4,2.2,1.3,1.7,3.1,55.2,3,0,5.6
5,Tyrese Maxey,PHI,23,6,2,4,44.6,29.8,11,23,47.8,3.7,9.2,40,4.2,4.7,89.3,0.2,5,5.2,6.8,2.2,0.8,0.3,2.7,47.6,1,0,-1.3
6,Donovan Mitchell,CLE,27,10,5,5,38.2,29.6,10.7,22.5,47.6,2.9,8.2,35.4,5.3,6.5,81.5,0.6,4.8,5.4,4.7,2.8,1.3,0.3,2.9,45.1,0,0,0
7,Luka Dončić,DAL,25,22,13,9,40.9,28.9,10.2,22.9,44.6,3.1,9.6,32.2,5.3,7,76.5,0.7,8.7,9.5,8.1,4.1,1.9,0.4,2.5,54.9,16,7,4.4
8,Nikola Jokić,DEN,29,12,7,5,40.2,28.7,11.1,20.3,54.5,1.2,4.4,26.4,5.3,5.9,90.1,3.6,9.8,13.4,8.7,3.3,1.4,0.7,2.7,60.7,9,2,0.9
9,Anthony Davis,LAL,31,5,1,4,41.6,27.8,11.8,18.6,63.4,0,1,0,4.2,5.2,80.8,3,12.6,15.6,4,2.2,0.4,1.6,3.8,56.3,5,0,-1.8
9,LeBron James,LAL,39,5,1,4,40.8,27.8,11.2,19.8,56.6,2,5.2,38.5,3.4,4.6,73.9,0.8,6,6.8,8.8,3.8,2.4,1,2.2,55.6,2,0,-2.2
11,Anthony Edwards,MIN,22,16,9,7,40.5,27.6,9.8,20.3,48.1,2.9,7.2,40,5.2,6.4,81.4,1.1,5.9,7,6.5,3.3,1.5,0.6,2.3,48.7,2,0,4.4
12,Devin Booker,PHX,27,4,0,4,41.5,27.5,8,16.3,49.2,1.8,5,35,9.8,10.3,95.1,0.3,3,3.3,6,2.8,1.8,0.3,4.5,43.7,0,0,-11.5
13,Paolo Banchero,ORL,21,7,3,4,37.5,27,9.7,21.3,45.6,2.3,5.7,40,5.3,7,75.5,2,6.6,8.6,4,4.6,1.1,0.6,2,43.9,2,0,2.9
14,Kevin Durant,PHX,35,4,0,4,42.1,26.8,9.3,16.8,55.2,1.3,3,41.7,7,8.5,82.4,0.3,6.3,6.5,3.3,2.5,0.5,1.5,2,42.9,0,0,-17.8
15,Jayson Tatum,BOS,26,19,16,3,40.4,25,8.4,19.6,42.7,2.1,7.3,28.3,6.2,7.2,86.1,0.9,8.8,9.7,6.3,2.6,1.1,0.7,2.8,48.6,14,1,7.7
16,Khris Middleton,MIL,32,6,2,4,38.3,24.7,9.2,19,48.2,1.8,5.2,35.5,4.5,5,90,2,7.2,9.2,4.7,2.3,0.5,0.2,4.2,42.3,4,0,0.8
17,Jaylen Brown,BOS,27,19,16,3,37.2,23.9,9.2,17.8,51.6,1.9,5.8,32.7,3.6,5.4,66,1.2,4.8,5.9,3.3,2.7,1.2,0.6,2.7,38.8,0,0,4.6
18,Bam Adebayo,MIA,26,5,1,4,38.5,22.6,9.6,19.4,49.5,0.4,2,20,3,4.2,71.4,2.2,7.2,9.4,3.8,1.6,0.4,0,3,39.2,2,0,-7.2
19,Kyrie Irving,DAL,32,22,13,9,40,22.1,8.5,18.1,46.7,2.4,6.2,39,2.8,3.3,84.9,1,2.7,3.7,5.1,2.3,1,0.3,2.8,36,0,0,5.1
20,Pascal Siakam,IND,30,17,8,9,35.4,21.6,9.2,17.1,54.1,0.8,2.8,29.8,2.3,3.7,61.9,2.5,5.1,7.5,3.8,1.1,0.8,0.4,2.8,38.7,4,0,2.2
21,James Harden,LAC,34,6,2,4,40.3,21.2,6.7,14.8,44.9,3,7.8,38.3,4.8,5.3,90.6,0.5,4,4.5,8,2.3,1,1,2.2,42.2,1,0,-8
22,Jamal Murray,DEN,27,12,7,5,38.5,20.6,8.3,20.8,40.2,1.9,6.1,31.5,2,2.2,92.3,0.8,3.6,4.3,5.6,2.6,0.8,0.5,2.3,35.6,1,0,-2.7
23,Paul George,LAC,34,6,2,4,37.1,19.5,6.5,15.8,41.1,3,8.2,36.7,3.5,4.2,84,0.5,6.3,6.8,4.8,2.3,1.2,0.5,3.7,37.6,2,0,-4.5
24,Karl-Anthony Towns,MIN,28,16,9,7,32.6,19.1,6.8,14.5,46.6,1.9,5.2,36.1,3.7,4.3,85.5,2.2,6.8,9,2.6,1.7,0.8,0.2,3.4,34.9,8,0,1.1
25,Franz Wagner,ORL,22,7,3,4,37.1,18.9,6,14.7,40.8,1.3,4.9,26.5,5.6,6.3,88.6,1.4,5.4,6.9,4.4,1.3,0.7,1.3,2.9,38.4,1,0,4.3
26,Jalen Williams,OKC,23,10,6,4,37.7,18.7,7.5,16,46.9,1.5,3.9,38.5,2.2,2.7,81.5,1.3,5.5,6.8,5.4,1.9,1.7,0.5,2.1,39.7,0,0,6.6
27,Tyrese Haliburton,IND,24,15,8,7,34.8,18.7,7,14.3,48.8,3.5,9.3,37.9,1.1,1.3,85,0.8,4,4.8,8.2,2.1,1.3,0.7,0.9,40.5,4,1,3.9
28,Donte DiVincenzo,NYK,27,13,7,6,35.8,17.8,6.2,14.7,41.9,3.5,8.2,42.5,2,2.3,86.7,1,3,4,2.6,1.2,1.2,0.9,2.2,31.7,0,0,-4.5
29,CJ McCollum,NOP,32,4,0,4,36.9,17.8,7.8,18.5,41.9,1.8,7.3,24.1,0.5,0.5,100,0.5,4.3,4.8,4.8,4,1.8,0.8,3.5,34.1,0,0,-13.3
30,Brook Lopez,MIL,36,6,2,4,33.4,17.7,7.3,12.5,58.7,1.7,3.8,43.5,1.3,2.5,53.3,1.8,2.5,4.3,1.8,1.5,0,1.3,1.7,28.1,0,0,-5.8
31,Jarrett Allen,CLE,26,4,2,2,31.7,17,6.3,9.3,67.6,0,0,0,4.5,6.5,69.2,3.8,10,13.8,1.3,1.3,1.3,1,2,40.9,2,0,-2
31,Myles Turner,IND,28,17,8,9,32.4,17,6.2,12.1,51.7,2.3,5.1,45.3,2.2,2.9,76,1.5,5.1,6.6,2.1,1.9,0.5,1.5,2.6,32,3,0,3.2
33,Austin Reaves,LAL,26,5,1,4,34.8,16.8,6,12.6,47.6,1.4,5.2,26.9,3.4,3.8,89.5,1,2.8,3.8,3.6,0.8,1.4,0.6,1.6,32,0,0,-1.8
33,Tyler Herro,MIA,24,5,1,4,37,16.8,6,15.6,38.5,3,8.6,34.9,1.8,2,90,0,3.6,3.6,5.4,2.8,0.4,0,2,27.6,1,0,-8.6
35,Derrick White,BOS,29,19,16,3,35.6,16.7,5.7,12.7,45.2,3.4,8.5,40.4,1.8,2,92.1,1,3.3,4.3,4.1,0.8,0.9,1.2,2.3,33.6,0,0,3.5
36,Bobby Portis,MIL,29,6,2,4,31.1,16.5,7.3,15.2,48.4,0.5,2,25,1.3,2.2,61.5,2.7,8.7,11.3,1,1.5,0.5,0.2,2.2,32.1,5,0,6
36,Bradley Beal,PHX,31,4,0,4,38.5,16.5,6.5,14.8,44.1,2.5,5.8,43.5,1,1.3,80,1.5,1.3,2.8,4.5,3.3,0.8,0.3,3.8,26.3,0,0,-12.8
38,Ivica Zubac,LAC,27,6,2,4,32,16.2,7,11.7,60,0,0,0,2.2,3.3,65,3,6.3,9.3,1,1.3,0.8,0.5,3.5,31.5,3,0,-1.3
39,Evan Mobley,CLE,23,12,5,7,35.2,16,6.8,12.2,55.5,0.4,1.5,27.8,2.1,3,69.4,2.5,6.8,9.3,2.3,1.8,0.8,2.2,2.8,37.8,5,0,-2.7
40,Michael Porter Jr.,DEN,26,12,7,5,36.9,15.8,5.7,12.2,46.6,2.8,6.8,40.7,1.7,2.2,76.9,0.7,6.2,6.8,1.1,1.5,0.9,0.8,2.3,29.3,2,0,-0.8
41,Darius Garland,CLE,24,12,5,7,36,15.7,6.1,14.3,42.7,2.1,5.9,35.2,1.4,1.8,81,0.1,3.5,3.6,5.8,2.3,1.1,0.2,2.8,30.1,0,0,-6.2
42,Chet Holmgren,OKC,22,10,6,4,34.5,15.6,5.9,11.9,49.6,1.3,5,26,2.5,3.3,75.8,1.4,5.8,7.2,2.1,1.9,0.7,2.5,2.6,35.1,1,0,7.5
43,OG Anunoby,NYK,26,9,6,3,36,15.1,6.2,12.3,50.5,1.8,4.3,41,0.9,1.4,61.5,0.8,5.2,6,1.1,1.1,0.9,1,1.7,28.5,1,0,0.3
44,Andrew Nembhard,IND,24,17,8,9,32.6,14.9,6,10.7,56,1.7,3.5,48.3,1.2,1.5,76.9,0.8,2.5,3.3,5.5,1.4,0.4,0.2,3.3,27.5,1,0,1.1
45,Alec Burks,NYK,32,6,2,4,20.1,14.8,4.2,8.3,50,2,4.7,42.9,4.5,5.3,84.4,0.7,2.7,3.3,1,0,0.2,0.2,1,21.3,0,0,-3.5
46,Jalen Suggs,ORL,23,7,3,4,33.2,14.7,4.7,11.7,40.2,2,6.9,29.2,3.3,4.3,76.7,1.6,3.6,5.1,3.3,2.9,1.3,0.4,2.6,28.1,0,0,3.7
47,Josh Hart,NYK,29,13,7,6,42.1,14.5,5.1,11.5,44,1.7,4.5,37.3,2.7,3.7,72.9,2.8,8.7,11.5,4.5,2.6,1,0.8,3.2,37.9,7,0,-3.5
48,Jonas Valančiūnas,NOP,32,4,0,4,22.4,14.5,5.5,10.5,52.4,0,0.3,0,3.5,4.3,82.4,4.5,6.5,11,1.3,2.5,0.5,0,2.3,28.6,2,0,-8
49,Aaron Gordon,DEN,28,12,7,5,37.1,14.3,5.8,9.8,58.5,0.9,2.3,40.7,1.9,2.3,82.1,3,4.3,7.3,4.4,1.5,0.8,0.6,2.3,32.4,3,0,-3.8
50,Brandon Ingram,NOP,26,4,0,4,36.4,14.3,4.8,13.8,34.5,0.5,2,25,4.3,4.8,89.5,0.3,4.3,4.5,3.3,2.3,1,1.3,2,29,0,0,-11
51,D'Angelo Russell,LAL,28,5,1,4,36.9,14.2,5.6,14.6,38.4,2.8,8.8,31.8,0.2,0.4,50,0.2,2.6,2.8,4.2,1.8,0.8,0.2,1.2,25.1,0,0,4.4
52,Kelly Oubre Jr.,PHI,28,6,2,4,37.3,13.2,5.2,10.7,48.4,1.5,3.8,39.1,1.3,1.8,72.7,1.5,2.5,4,1.7,1.3,1.8,1.2,4,28.1,0,0,3.8
53,Jrue Holiday,BOS,34,19,16,3,37.9,13.2,5.1,10.2,50.3,1.8,4.6,40.2,1.1,1.2,95.5,1.9,4.2,6.1,4.4,1.5,1.1,0.6,2.1,30.7,3,0,7.5
54,Herbert Jones,NOP,25,4,0,4,35.2,13,4,10.3,39,2,6,33.3,3,3,100,1.5,3.5,5,2.5,2.8,1.3,0.3,3.8,24.5,0,0,-11.8
54,P.J. Washington,DAL,25,22,13,9,35.7,13,4.5,10.6,42.7,2.1,6.1,34.8,1.8,2.5,70.9,1.5,5.1,6.6,1.4,1.5,0.7,0.8,3,26.1,3,0,2.2
56,Norman Powell,LAC,31,6,2,4,29.8,12.8,4.3,10.2,42.6,2.2,4.8,44.8,2,2.5,80,0.5,2.3,2.8,0.3,1.2,0.5,0,3.3,17.1,0,0,-3.7
57,Jaime Jaquez Jr.,MIA,23,4,1,3,30.6,12.8,5.3,13,40.4,0.8,3.3,23.1,1.5,1.8,85.7,0.5,2.8,3.3,3,1.8,0.8,0.5,1.5,23.2,0,0,-5.8
58,Kristaps Porziņģis,BOS,28,7,6,1,23.5,12.3,4,8.6,46.7,1.4,4.1,34.5,2.9,3.1,90.9,0.6,3.9,4.4,1.1,0.7,0.7,1.6,2.1,25.5,0,0,5.6
59,Jaden McDaniels,MIN,23,16,9,7,33.6,12.2,4.5,8.8,51.4,1.5,3.5,42.9,1.7,2.2,77.1,1.8,2.1,3.8,1.1,1.1,0.9,1.1,3.4,23.4,0,0,4.2
60,Rudy Gobert,MIN,32,15,8,7,34.2,12.1,4.3,6.9,61.5,0,0,0,3.5,5.3,67.1,2.7,7.1,9.8,1.6,1.5,0.9,1,3.7,30.5,6,0,6.3
61,Kawhi Leonard,LAC,33,2,0,2,29.7,12,5.5,12,45.8,0,2.5,0,1,1.5,66.7,1.5,6.5,8,2,2,2,0.5,1.5,30.1,0,0,-6
62,T.J. McConnell,IND,32,17,8,9,20.5,11.8,5.3,10.9,48.6,0.4,1.5,26.9,0.8,0.9,86.7,0.6,2.4,3.1,5.1,1.2,0.9,0.1,1.5,24.8,2,0,-0.3
63,Caleb Martin,MIA,28,5,1,4,35.1,11.6,4.2,9,46.7,2.2,5,44,1,1,100,1,2.6,3.6,1.4,0.6,0.6,0,2.8,19.2,0,0,-11.8
63,Mike Conley,MIN,36,15,9,6,31.6,11.6,4.1,9.7,42.8,2,5.1,39.5,1.3,1.9,71.4,0.7,3.2,3.9,5.7,1.3,1.4,0.2,2.5,28.3,1,0,3.9
65,Trey Murphy III,NOP,24,4,0,4,42,11.5,4.5,12,37.5,2.5,7.5,33.3,0,0,0,0.8,5.8,6.5,2.3,2,1.3,1.5,3,28.9,0,0,-15
66,Naz Reid,MIN,24,16,9,7,22.5,11.1,4.1,8.9,45.8,1.6,4.3,36.2,1.4,1.9,71,0.6,3.1,3.7,1,0.9,0.5,0.8,2,19.9,1,0,-1.4
67,Miles McBride,NYK,23,13,7,6,26.7,11,4.2,9.5,43.5,1.9,5.2,36.8,0.8,0.9,83.3,0.5,1.7,2.2,1.9,0.8,0.5,0.2,2.3,17.8,0,0,-2.8
68,Obi Toppin,IND,26,17,8,9,20.2,10.9,4.3,7.9,54.1,1.2,3.3,35.7,1.1,1.5,76,0.6,3.8,4.4,1.7,0.8,0.4,0.4,1.2,20,0,0,-0.6
69,Luguentz Dort,OKC,25,10,6,4,35,10.7,3.3,9.1,36.3,2.5,6.4,39.1,1.6,1.9,84.2,1.9,2.7,4.6,2,1.1,1.3,0.2,4.2,22.6,0,0,3.5
70,Aaron Nesmith,IND,24,17,8,9,32.9,10.5,3.6,8.3,43.3,1.3,4.6,27.8,2,2.2,91.9,1.1,3.8,4.9,2.2,1.4,0.6,0.5,3.9,21.8,0,0,0.8
71,Caris LeVert,CLE,29,11,5,6,25.3,10.1,4,9.3,43.1,0.5,3,18.2,1.5,2.4,65.4,0.7,2.9,3.6,2.3,1.3,0.8,0.5,1.3,20.7,0,0,-3.3
72,Max Strus,CLE,28,12,5,7,36.1,9.5,3.5,8.6,40.8,2.1,6,34.7,0.4,0.4,100,0.7,4.7,5.3,2.9,1.3,0.8,0,3.4,21.3,0,0,-2.7
73,Nikola Jović,MIA,21,5,1,4,25.7,9.4,3.2,7.2,44.4,1.8,4.4,40.9,1.2,1.4,85.7,0.4,6.2,6.6,2.2,1.2,1,0.6,1.8,24.2,0,0,-11.4
74,Terance Mann,LAC,27,6,2,4,31.2,9.3,3.2,7.7,41.3,1.7,3.7,45.5,1.3,1.3,100,2.8,2.2,5,1.8,0.8,0,0,3.2,17.3,0,0,-4.2
75,Al Horford,BOS,38,19,16,3,30.3,9.2,3.5,7.3,47.8,1.8,5,36.8,0.4,0.6,63.6,1.8,5.2,7,2.1,0.6,0.8,0.8,1.5,25,1,0,7.4
76,Derrick Jones Jr.,DAL,27,22,13,9,29.4,9.1,3.5,7.3,48.1,1.1,3,36.9,1,1.4,73.3,1.5,2,3.5,1.2,0.8,0.5,1,2.5,18.6,0,0,2
77,Naji Marshall,NOP,26,4,0,4,21,9,3,7,42.9,1.5,3.8,40,1.5,1.5,100,0.8,2,2.8,1.3,0.5,0.5,0.5,2.3,16.7,0,0,-7.8
77,Tobias Harris,PHI,31,6,2,4,36.4,9,3.7,8.5,43.1,1,3,33.3,0.7,0.7,100,1.5,5.7,7.2,1.5,0.5,0.2,0.5,1.8,21.4,0,0,-1.5
79,Daniel Gafford,DAL,25,22,13,9,20.2,9,3.5,5.6,63.4,0,0,0,1.9,3,63.1,1.9,3.6,5.5,0.7,0.9,0.3,1.5,1.7,21.1,1,0,-2.1
80,Malik Beasley,MIL,27,6,2,4,21.8,8.8,3.5,6.8,51.2,1.8,4.2,44,0,0,0,0.2,2.3,2.5,0.7,0.5,0.7,0,1.5,14.3,0,0,-6.3
81,Josh Giddey,OKC,21,10,6,4,18.1,8.7,3.4,7.5,45.3,1.2,3.4,35.3,0.7,0.8,87.5,0.7,2.9,3.6,2.1,1.2,0.2,0.4,0.9,16.8,0,0,3.9
82,Isaiah Hartenstein,NYK,26,13,7,6,29.8,8.5,3.5,5.8,59.2,0.1,0.2,50,1.5,1.7,86.4,3.8,4.1,7.8,3.5,1.5,0.3,0.9,3.2,25.4,1,0,-5.5
83,Patrick Beverley,MIL,35,6,2,4,34.9,8.2,2.7,6.5,41,0.7,1.8,36.4,2.2,2.5,86.7,0.7,2.7,3.3,5.5,1,1,0.7,2.7,24.4,1,0,-0.2
84,Kentavious Caldwell-Pope,DEN,31,12,7,5,35,8.1,2.8,7.2,39.5,1.5,4.6,32.7,0.9,0.9,100,0.4,2.5,2.9,2.6,0.8,1.4,0.4,3.1,20.1,0,0,-0.3
85,Delon Wright,MIA,32,4,1,3,26.8,8,3,5,60,1.5,2.5,60,0.5,0.5,100,0.5,2.5,3,1.8,0,1,0.3,1.3,18,0,0,-5.3
85,Eric Gordon,PHX,35,4,0,4,29.4,8,2.3,7,32.1,1.8,4.3,41.2,1.8,2,87.5,0.3,1.5,1.8,1.3,1,1.3,0.5,1.3,16.2,0,0,-6.5
87,Dereck Lively II,DAL,20,21,13,8,22,7.9,3,4.5,67.4,0,0,100,1.7,2.9,59,2.7,4.7,7.4,1.3,1,0.4,1,2.3,21.8,4,0,4.7
88,Rui Hachimura,LAL,26,5,1,4,30.5,7.8,3,7.6,39.5,1,2.8,35.7,0.8,1.6,50,1.2,2.6,3.8,0.8,0.4,0,0,1.6,13.2,0,0,-4.8
89,Jusuf Nurkić,PHX,29,4,0,4,25.9,7.8,3.3,6.5,50,0,0.5,0,1.3,2.8,45.5,3.3,5,8.3,2.8,1.5,1.5,1.5,3.8,29.3,1,0,-10
90,Wendell Carter Jr.,ORL,25,7,3,4,26.4,7.6,2.7,6.7,40.4,1,3.6,28,1.1,1.6,72.7,1.3,5,6.3,1.3,0.7,0.7,0.6,2.9,20.2,0,0,3.1
91,Taurean Prince,LAL,30,5,1,4,22.2,7.4,2.4,5.8,41.4,1,3.4,29.4,1.6,1.6,100,0.2,2.2,2.4,0.6,0.2,0.2,0.4,1.8,12.8,0,0,-0.6
92,Nickeil Alexander-Walker,MIN,25,16,9,7,23.6,7.3,2.6,7,36.6,1.5,5.1,29.6,0.6,0.6,100,0.3,1.4,1.8,2.3,0.9,0.6,0.4,1.5,15.1,0,0,0.5
93,Kyle Lowry,PHI,38,6,2,4,29.2,7,1.8,5.3,34.4,1.3,4,33.3,2,2.5,80,1,2.5,3.5,4,0.7,1,0.7,3.8,21.5,0,0,2.8
94,Markelle Fultz,ORL,26,7,3,4,15.1,6.4,2.9,4.9,58.8,0,0.1,0,0.7,1.3,55.6,1,1,2,1.1,1.1,0.4,0,1.7,10.7,0,0,4.6
95,Payton Pritchard,BOS,26,19,16,3,18.7,6.4,2.3,5.5,41.9,1.2,3.2,38.3,0.6,0.6,91.7,0.7,1.2,1.9,2.1,0.7,0.2,0,1.2,11.8,0,0,1.5
96,Isaiah Joe,OKC,24,10,6,4,17.3,6.4,2.4,5.4,44.4,1.6,3.9,41,0,0,0,0.4,1.8,2.2,1,0.5,0.5,0,1,11.5,0,0,1.3
97,Nicolas Batum,PHI,35,6,2,4,28.3,6.3,2,4.8,41.4,1.5,3.7,40.9,0.8,1.3,62.5,1.5,4.3,5.8,1.3,0.8,0.2,0.8,2.2,17.5,0,0,-3
97,Russell Westbrook,LAC,35,6,2,4,19,6.3,2.2,8.3,26,0.7,2.8,23.5,1.3,2.2,61.5,1,3.2,4.2,1.7,1.7,1.2,0.5,1.8,17.2,0,0,0.2
99,Jonathan Isaac,ORL,26,7,3,4,21,6.3,2.3,5.6,41,1.4,3.9,37,0.3,0.3,100,1.4,3.4,4.9,0.4,0.6,0.7,1.3,1,18.2,0,0,0.9
99,Moritz Wagner,ORL,27,7,3,4,15,6.3,2.3,5.1,44.4,0.3,1.3,22.2,1.4,2.4,58.8,1.6,2.9,4.4,0.3,1.1,0.9,0.4,3,14.7,0,0,4.9
101,Larry Nance Jr.,NOP,31,4,0,4,21.1,6.3,2.5,4.3,58.8,0.3,1,25,1,1.5,66.7,3.8,4.5,8.3,1.8,1.8,0.5,0,2.3,18.5,0,0,-4.5
102,Aaron Wiggins,OKC,25,10,6,4,15.7,6.2,2.3,4.7,48.9,0.6,2,30,1,1.1,90.9,0.9,2.3,3.2,1,0.9,0.6,0.3,0.8,13.3,0,0,2.2
103,Marcus Morris Sr.,CLE,34,9,3,6,15.3,6.1,2.4,5.3,45.8,1,2.6,39.1,0.2,0.3,66.7,0.2,2.6,2.8,0.3,0.3,0.4,0,0.9,10.9,0,0,-4.3
104,Bojan Bogdanović,NYK,35,4,3,1,12.7,6,1.8,6,29.2,1.5,3.8,40,1,1.8,57.1,0.3,2.8,3,1,0.3,0,0.3,0.8,11.6,0,0,8
104,Patty Mills,MIA,35,3,0,3,17.2,6,2,5.7,35.3,1,3.7,27.3,1,1.3,75,0.3,0,0.3,1,0.3,0.3,0,0.7,8.6,0,0,-3
104,Thomas Bryant,MIA,26,2,0,2,8.9,6,2.5,3.5,71.4,0,1,0,1,1.5,66.7,1,1.5,2.5,0.5,1,0,0,0.5,8.8,0,0,-2
107,Drew Eubanks,PHX,27,3,0,3,12.5,5.7,2.3,4,58.3,0,0,0,1,1,100,0,1.3,1.3,0,0.7,0.7,0.3,2,9.6,0,0,-4
108,Cameron Payne,PHI,29,5,2,3,12.2,5.6,2,5,40,1.6,3.6,44.4,0,0,0,0,1.2,1.2,1.4,0.6,0.2,0.8,2,11.5,0,0,-1.2
109,Buddy Hield,PHI,31,4,1,3,12.7,5.5,1.8,4.3,41.2,1.5,3.3,46.2,0.5,0.5,100,0.5,0.8,1.3,0.5,0.5,0,0.3,1,8,0,0,-1.3
109,Isaac Okoro,CLE,23,12,5,7,21.9,5.5,2.1,5.8,35.7,0.8,2.9,25.7,0.6,0.8,77.8,0.4,1.3,1.8,1.1,0.9,0.9,0.3,2.5,12.1,0,0,-2.6
109,P.J. Tucker,LAC,39,2,0,2,15.3,5.5,2,3,66.7,1.5,2,75,0,0,0,1.5,0,1.5,0,1.5,0,0,3,5.8,0,0,-12
112,Sam Hauser,BOS,26,19,16,3,14.9,5.4,1.9,4.4,42.9,1.4,3.7,38,0.2,0.2,100,0.4,1.7,2.2,0.6,0.2,0.3,0.2,1.1,10,0,0,4.5
113,Precious Achiuwa,NYK,24,9,4,5,20.5,5.2,2.3,4.8,48.8,0,0.3,0,0.6,1.4,38.5,2.4,1.8,4.2,0.6,0.4,0.4,1.3,2.2,16,0,0,-2.7
114,Ben Sheppard,IND,22,17,8,9,19.7,5.2,1.8,4.2,43.7,1.1,2.9,38,0.4,0.5,77.8,0.6,2.4,3,1,0.6,0.5,0.1,1.9,11.2,0,0,1.7
115,Cole Anthony,ORL,24,7,3,4,14.7,5.1,1.9,5.9,31.7,0.3,1.9,15.4,1.1,1.3,88.9,0.3,1.9,2.1,1.3,0.7,0.6,0.1,2.3,11.1,0,0,1.9
116,Christian Braun,DEN,23,12,7,5,17,5.1,1.9,4.5,42.6,0.3,1.5,22.2,0.9,1.3,68.8,0.8,1.9,2.7,0.8,0.1,0.2,0.4,1.5,11.1,0,0,0.7
117,Royce O'Neale,PHX,31,4,0,4,26.1,5,1.8,5.5,31.8,1.5,4.5,33.3,0,0,0,1.3,3.5,4.8,1,0.5,0.3,0,2.8,12.5,0,0,-11.5
118,Josh Green,DAL,23,22,13,9,18.1,5,1.6,3.9,42.4,1,2.7,39,0.6,0.9,73.7,1,1.6,2.5,1,0.3,0.8,0.1,1.3,12,0,0,0.1
119,Haywood Highsmith,MIA,27,5,1,4,25.1,4.8,2,5.6,35.7,0.6,3.2,18.8,0.2,0.2,100,0.4,2.4,2.8,1.6,0.8,0.2,0.2,2.8,11,0,0,-12.2
120,Pat Connaughton,MIL,31,6,2,4,20.7,4.5,1.8,4.2,44,0.5,1.8,27.3,0.3,0.3,100,0.5,3.3,3.8,2.2,0.5,1,0.2,1,15.4,0,0,0
121,Jaylin Williams,OKC,22,10,6,4,12.7,4.4,1.6,3.3,48.5,0.9,2.2,40.9,0.3,0.4,75,0.4,2.8,3.2,1.5,0.3,0.4,0.3,1.1,12.3,0,0,-2.9
122,Tim Hardaway Jr.,DAL,32,14,8,6,12.7,4.4,1.6,4.1,37.9,0.9,2.6,35.1,0.3,0.6,50,0.1,1.6,1.8,0.4,0.1,0.4,0.1,0.7,8.2,0,0,-2.5
123,Kyle Anderson,MIN,30,15,8,7,15.4,4.3,1.7,3.8,45.6,0.1,0.5,25,0.7,0.8,83.3,1.2,1.5,2.7,2.5,0.7,0.7,0.3,1.7,13.6,0,0,-2.4
124,Jaden Hardy,DAL,21,19,11,8,6.8,4.2,1.5,3.6,42.6,0.6,1.4,40.7,0.6,0.8,73.3,0.1,0.7,0.8,0.9,0.4,0.2,0,0.7,6.6,0,0,-1.2
125,Cason Wallace,OKC,20,10,6,4,19.8,4.2,1.6,4.1,39,0.9,2.8,32.1,0.1,0.2,50,0.7,0.6,1.3,1,0.4,0.9,0.2,1.4,10.2,0,0,3.2
126,Gary Harris,ORL,29,6,2,4,26.5,4.2,1.3,4.7,28.6,1.2,3.7,31.8,0.3,0.3,100,0.8,1.2,2,0.7,0.3,1.2,0.5,3,12.2,0,0,0.3
127,Luka Garza,MIN,25,7,5,2,3.7,4.1,1.4,1.7,83.3,0.3,0.4,66.7,1,1.1,87.5,0.3,0.6,0.9,0.1,0,0,0,0,5.4,0,0,3.3
128,Isaiah Jackson,IND,22,15,6,9,10.2,3.8,1.5,2.9,53.5,0,0,0,0.7,1.2,61.1,1.4,1.8,3.2,0.5,0.3,0.2,0.9,1.6,11.3,0,0,-0.7
129,Maxi Kleber,DAL,32,13,6,7,16.8,3.7,1.2,3,41,0.9,2.2,42.9,0.3,0.5,66.7,0.3,1.6,1.9,1,0.4,0.2,0.3,1.5,8.7,0,0,1
130,Bones Hyland,LAC,23,3,0,3,4,3.7,1,2.3,42.9,0.3,1.7,20,1.3,1.3,100,0,0.7,0.7,1.3,0.3,0,0,0,6.1,0,0,0.7
130,Danilo Gallinari,MIL,35,3,1,2,12.4,3.7,1.3,2.7,50,0,0.7,0,1,1.3,75,0.3,2.7,3,0.7,0.3,0,0,0,7.9,0,0,-2
130,Dean Wade,CLE,27,3,0,3,21,3.7,1.3,4.3,30.8,1,3.3,30,0,0,0,0.3,1.7,2,1.7,0.7,0.3,0.7,1.3,10.9,0,0,-4.3
133,Grayson Allen,PHX,28,2,0,2,21.3,3.5,0.5,2.5,20,0.5,2.5,20,2,2,100,1,3,4,1,1.5,0.5,0,2,9.8,0,0,-1.5
133,Josh Okogie,PHX,25,4,0,4,7.3,3.5,1.3,2.3,55.6,0.3,0.8,33.3,0.8,1.5,50,0,1,1,0.5,0.5,0.5,0,1.8,6.5,0,0,1.3
133,Reggie Jackson,DEN,34,12,7,5,9.8,3.5,1.3,4,33.3,0.7,1.9,34.8,0.2,0.2,100,0.2,1.1,1.3,1,0.7,0.2,0.1,1,6.6,0,0,0.2
136,Sam Merrill,CLE,28,10,4,6,12.5,3.3,1,2.9,34.5,1,2.7,37,0.3,0.3,100,0.2,1,1.2,0.9,0,0,0,0.9,6.1,0,0,-1.1
137,Mason Plumlee,LAC,34,6,2,4,11,3.2,1.2,3,38.9,0,0,0,0.8,1.3,62.5,1.2,2.2,3.3,0.7,0.3,0.5,0.3,2.2,10.3,0,0,-1.7
138,Anthony Black,ORL,20,2,2,0,5.4,3,1.5,3.5,42.9,0,1,0,0,0,0,0.5,0.5,1,1,0.5,0.5,0,0.5,6.7,0,0,-4
138,Chuma Okeke,ORL,25,2,2,0,4.9,3,1,1.5,66.7,0.5,1,50,0.5,0.5,100,0,0,0,0.5,0,0,0,0,3.8,0,0,-4
138,Daniel Theis,LAC,32,1,0,1,4.4,3,1,1,100,1,1,100,0,0,0,0,1,1,0,0,0,0,0,4.2,0,0,2
138,Luke Kornet,BOS,28,13,11,2,10.2,3,1.1,1.6,66.7,0,0,0,0.8,1,84.6,1.5,1.7,3.2,0.5,0.5,0.1,0.4,0.8,8.5,0,0,-1.3
138,Markieff Morris,DAL,34,1,1,0,12,3,1,5,20,1,3,33.3,0,0,0,0,4,4,0,1,0,0,1,6.8,0,0,6
138,Spencer Dinwiddie,LAL,31,5,1,4,14.6,3,1,2.8,35.7,0.4,1.6,25,0.6,1.2,50,0.2,1.2,1.4,1.6,0.2,0.4,0.2,1.4,8.7,0,0,-3.8
144,Justin Holiday,DEN,35,12,7,5,12.5,2.9,0.9,2.9,31.4,0.9,2.4,37.9,0.2,0.3,50,0.1,1.6,1.7,0.3,0.3,0.5,0,1.3,6.7,0,0,2
145,AJ Green,MIL,24,6,2,4,11.2,2.8,1,2.7,37.5,0.3,1.8,18.2,0.5,0.5,100,0,1.5,1.5,0.3,0.2,0,0,1.5,5,0,0,-0.3
145,Amir Coffey,LAC,27,6,2,4,18.7,2.8,1.2,3.7,31.8,0.5,1.8,27.3,0,0,0,0.3,1.3,1.7,0.3,0.8,0.3,0.2,1,6,0,0,-6.2
145,Mitchell Robinson,NYK,26,6,4,2,19.1,2.8,1.2,2.3,50,0,0,0,0.5,1.3,37.5,3.8,3,6.8,0.5,0.5,1,1.2,2.5,17.8,0,0,5
148,Georges Niang,CLE,31,10,4,6,12.1,2.8,0.9,4.1,22,0.3,2.3,13,0.7,0.8,87.5,0.3,0.9,1.2,0.4,0.7,0.4,0.2,1.8,5.9,0,0,-2.4
149,Duncan Robinson,MIA,30,5,1,4,11.9,2.6,1,3.2,31.3,0.6,2.6,23.1,0,0,0,0,1,1,1.2,1,0.4,0,1.2,5.8,0,0,-9.2
150,Jett Howard,ORL,20,2,2,0,4.9,2.5,1,1.5,66.7,0.5,0.5,100,0,0,0,0,0.5,0.5,0.5,1,0,0,0.5,2.9,0,0,-4
151,Andre Jackson Jr.,MIL,22,5,1,4,11.9,2.4,1,2.2,45.5,0.4,1.2,33.3,0,0,0,1,1.2,2.2,2,0.6,1,0.2,2,11,0,0,2.2
152,Julian Strawther,DEN,22,3,1,2,5.3,2.3,0.7,2,33.3,0.3,1.3,25,0.7,1.3,50,0,0.7,0.7,0,0.3,0.3,0,1,3.8,0,0,-4
152,Monté Morris,MIN,29,9,6,3,7.4,2.3,1,3.3,30,0.1,1.6,7.1,0.2,0.2,100,0.1,0.6,0.7,1,0,0.2,0.1,0.7,5.6,0,0,0.2
154,Jae Crowder,MIL,33,4,1,3,10.5,2.3,0.8,3,25,0.3,1.8,14.3,0.5,0.5,100,0.5,1,1.5,0.5,0,0,0.5,1,6.3,0,0,-6.3
155,Danté Exum,DAL,28,21,12,9,6.8,2,0.8,2.1,36.4,0.3,1,35,0.2,0.3,66.7,0.1,0.7,0.8,0.6,0.2,0.1,0,0.4,4.2,0,0,-0.7
156,DaQuan Jeffries,NYK,26,4,1,3,5,2,0.8,2,37.5,0.5,1.3,40,0,0,0,0.3,0.8,1,0,0,0.3,0,0.5,4,0,0,3.3
156,DeAndre Jordan,DEN,35,2,1,1,6.5,2,0.5,1,50,0,0,0,1,1,100,0.5,1,1.5,0,0,0.5,0.5,2,6.8,0,0,-10
156,Jeremiah Robinson-Earl,NOP,23,1,0,1,5.3,2,1,2,50,0,0,0,0,2,0,1,0,1,1,0,0,0,0,4.7,0,0,-1
159,Jalen Smith,IND,24,7,3,4,6,1.9,0.4,1.1,37.5,0.3,0.6,50,0.7,1.1,62.5,1,1,2,0.3,0.6,0.3,0.1,1.1,5.4,0,0,-5.9
160,Kevin Love,MIA,35,5,1,4,6.4,1.8,0.8,1.8,44.4,0.2,0.8,25,0,0,0,0.2,2.6,2.8,0.8,0.4,0,0,0.4,6,0,0,-6.8
160,Peyton Watson,DEN,21,10,6,4,9,1.8,0.6,2.4,25,0.3,1.2,25,0.3,0.6,50,0.2,1.3,1.5,0.4,0.3,0,0.6,0.9,5.7,0,0,-3.4
162,Jose Alvarado,NOP,26,4,0,4,15.4,1.8,0.8,5,15,0.3,3.5,7.1,0,0,0,0,1,1,2.3,1,1.3,0.3,0.8,9.8,0,0,-5.3
162,Nassir Little,PHX,24,4,0,4,3.4,1.8,0.8,1.3,60,0.3,0.8,33.3,0,0,0,0,0.3,0.3,0,0,0,0,0.5,2.1,0,0,-1.5
164,Brandon Boston Jr.,LAC,22,3,0,3,3.2,1.7,0.7,1.3,50,0,0,0,0.3,0.7,50,0.3,0.3,0.7,0.3,0,0,0,0.7,3,0,0,1.7
164,Zeke Nnaji,DEN,23,3,1,2,4.7,1.7,0.7,1,66.7,0,0,0,0.3,0.7,50,0.7,0,0.7,0,0.7,0,0.3,0.3,2.8,0,0,-1.7
166,Oshae Brissett,BOS,26,10,8,2,5.5,1.6,0.6,1.1,54.5,0.2,0.2,100,0.2,0.4,50,0.3,1.1,1.4,0,0.1,0.3,0.2,0.2,4.7,0,0,1
167,Joe Ingles,ORL,36,7,3,4,9.6,1.6,0.6,1.7,33.3,0.3,1,28.6,0.1,0.3,50,0.3,1.6,1.9,1.7,0,0.4,0,0.4,7.7,0,0,2.1
168,Paul Reed,PHI,25,6,2,4,7.2,1.5,0.7,1.5,44.4,0,0,0,0.2,0.3,50,1.5,1.2,2.7,0.3,0.5,0.2,0.5,1.2,6.7,0,0,-7.3
168,Tristan Thompson,CLE,33,10,3,7,8.7,1.5,0.7,1.6,43.8,0,0,0,0.1,0.2,50,1,1,2,1,0.2,0.1,0.5,0.9,7,0,0,-3.2
168,Xavier Tillman,BOS,25,8,6,2,8.6,1.5,0.6,1,62.5,0.1,0.1,100,0.1,0.1,100,0.5,1.3,1.8,0.4,0.4,0.4,0.4,0.9,6,0,0,2.8
171,Gabe Vincent,LAL,28,5,1,4,13.8,1.4,0.6,2.4,25,0.2,1.4,14.3,0,0,0,0.2,1.4,1.6,0.6,0.6,0.4,0,1.6,4.8,0,0,-1.8
171,Jericho Sims,NYK,25,5,1,4,5.5,1.4,0.4,0.4,100,0,0,0,0.6,0.8,75,0.6,1,1.6,0.2,0,0.4,0.2,0.2,5.4,0,0,1.6
173,Dyson Daniels,NOP,21,3,0,3,5.7,1.3,0.7,2,33.3,0,0.7,0,0,0,0,0,0.7,0.7,0,0.3,0.7,0,0,3.8,0,0,-4.3
173,Jalen Pickett,DEN,24,3,1,2,3.6,1.3,0.7,1,66.7,0,0.3,0,0,0,0,0,0.3,0.3,0.3,0,0,0.3,0.3,3.2,0,0,-0.7
173,Neemias Queta,BOS,24,3,1,2,4.5,1.3,0.7,1,66.7,0,0,0,0,0,0,0.3,0.7,1,0,0,0,0.3,0,3.5,0,0,3.7
176,Doug McDermott,IND,32,10,4,6,6.4,1.3,0.5,1.1,45.5,0.3,0.8,37.5,0,0,0,0.2,0.1,0.3,0.7,0.1,0,0.2,0.5,3.2,0,0,-1.9
177,Shake Milton,NYK,27,4,1,3,5.5,1.3,0,1.5,0,0,0.5,0,1.3,1.5,83.3,0,0.3,0.3,0.5,0,0.3,0,0,3.1,0,0,2.8
178,Josh Minott,MIN,21,5,3,2,3.6,1.2,0.4,1.8,22.2,0.4,1,40,0,0,0,0.2,0.8,1,0.6,0,0,0,0.4,3.3,0,0,2.4
179,Wendell Moore Jr.,MIN,22,6,5,1,3.1,1.2,0.5,1.2,42.9,0.2,0.7,25,0,0,0,0,0.3,0.3,0.3,0.2,0.2,0,0.5,2.4,0,0,1.5
180,A.J. Lawson,DAL,23,10,7,3,3,1.1,0.4,0.9,44.4,0.2,0.6,33.3,0.1,0.2,50,0.1,0.2,0.3,0,0,0,0.1,0.1,1.8,0,0,-1.2
181,Caleb Houstan,ORL,21,3,2,1,4.7,1,0.3,0.7,50,0.3,0.7,50,0,0,0,0.3,0.3,0.7,0,0,0,0,0,1.8,0,0,-4.3
181,Chris Livingston,MIL,20,2,0,2,3.1,1,0.5,0.5,100,0,0,0,0,1.5,0,0,0,0,0,0,0,0,0,1,0,0,0
181,Jaden Springer,BOS,21,4,2,2,5.5,1,0.5,0.8,66.7,0,0,0,0,0,0,0,0.8,0.8,0.3,0.5,0,0.3,0.3,2.5,0,0,1
181,James Johnson,IND,37,1,0,1,1,1,0,0,0,0,0,0,1,2,50,0,0,0,0,1,0,0,0,0,0,0,1
181,Svi Mykhailiuk,BOS,27,8,6,2,4,1,0.4,1.5,25,0.3,1.1,22.2,0,0,0,0.1,0.5,0.6,0.1,0.3,0.1,0,0.4,2.1,0,0,-1.1
186,Jarace Walker,IND,20,9,6,3,3.4,0.9,0.3,1.1,30,0,0.3,0,0.2,0.3,66.7,0.1,0.3,0.4,0.4,0.7,0.2,0.1,0.2,2.4,0,0,-2
187,MarJon Beauchamp,MIL,23,4,1,3,2.4,0.8,0.3,1,25,0,0.5,0,0.3,0.5,50,0,0.3,0.3,0.5,0.3,0,0,0.3,1.6,0,0,0.8
188,Bol Bol,PHX,24,3,0,3,4.3,0.7,0.3,1,33.3,0,0,0,0,0,0,0,1.3,1.3,0,0,0.3,0,0.7,3.3,0,0,0.3
188,Jordan McLaughlin,MIN,28,6,4,2,5,0.7,0.3,1.5,22.2,0,0.8,0,0,0.3,0,0,0.7,0.7,0.3,0.3,0,0,0.2,1.6,0,0,2.8
188,Jordan Walsh,BOS,20,3,1,2,3.8,0.7,0.3,1,33.3,0,0.3,0,0,0,0,0,0.7,0.7,0,0,0,0,0,1.5,0,0,2
191,Kendall Brown,IND,21,7,5,2,3.5,0.6,0.3,0.9,33.3,0,0,0,0,0,0,0,0.4,0.4,0.3,0.4,0,0.1,0.3,1.5,0,0,-2.9
191,Kenrich Williams,OKC,29,7,6,1,4.5,0.6,0.3,1.1,25,0,0.7,0,0,0,0,0.1,1,1.1,0.4,0,0.1,0,0.4,3,0,0,-0.9
193,Mamadi Diakite,NYK,27,4,1,3,3.7,0.5,0,0.8,0,0,0.5,0,0.5,0.5,100,0,0.8,0.8,0.3,0.3,0.3,0.3,0.8,3,0,0,3.3
193,Ousmane Dieng,OKC,21,4,2,2,1.8,0.5,0.3,0.5,50,0,0.3,0,0,0,0,0,0,0,0,0,0,0,0,0.5,0,0,0
195,Dwight Powell,DAL,32,13,8,5,3.4,0.5,0.1,0.2,33.3,0,0,0,0.3,0.5,66.7,0.2,0.7,0.9,0.2,0.2,0.1,0,0.7,1.9,0,0,0
196,Hunter Tyson,DEN,24,3,1,2,4.6,0.3,0,1.3,0,0,1,0,0.3,0.7,50,0.3,0.7,1,0.3,0.3,0,0,0,1.7,0,0,-2.3
197,Jaxson Hayes,LAL,24,4,1,3,6,0.3,0,0.5,0,0,0,0,0.3,0.5,50,0.8,2.3,3,0.3,0.5,0,0,1.8,3.7,0,0,1.8
198,Damian Jones,CLE,29,2,1,1,4.6,0,0,0,0,0,0,0,0,0,0,0.5,0.5,1,1,1,0,0.5,0,3.2,0,0,-1.5
198,David Roddy,PHX,23,2,0,2,1.4,0,0,0,0,0,0,0,0,0,0,0,0,0,0,0,0,0,0,0,0,0,2.5
198,De'Anthony Melton,PHI,26,1,0,1,7.2,0,0,2,0,0,2,0,0,0,0,0,1,1,1,0,0,0,1,2.7,0,0,-1
198,E.J. Liddell,NOP,23,1,0,1,2.5,0,0,0,0,0,0,0,0,0,0,0,1,1,0,0,0,0,0,1.2,0,0,2
198,Goga Bitadze,ORL,24,2,2,0,4.9,0,0,1,0,0,0,0,0,0,0,0.5,1,1.5,1,0.5,0,0,0,2.8,0,0,-4
198,Gordon Hayward,OKC,34,7,5,2,6.6,0,0,0.4,0,0,0,0,0,0,0,0.1,1.7,1.9,0.4,0,0.1,0.1,0.3,3.7,0,0,2.3
198,Isaiah Thomas,PHX,35,1,0,1,3.6,0,0,2,0,0,1,0,0,0,0,0,0,0,0,1,0,0,0,-1,0,0,-5
198,Jordan Hawkins,NOP,22,3,0,3,3.8,0,0,1.3,0,0,1,0,0,0,0,0,0.7,0.7,0,0,0,0,0.3,0.8,0,0,0.3
198,Kobe Brown,LAC,24,3,0,3,3.2,0,0,0,0,0,0,0,0,0,0,0.3,0.3,0.7,0,0,0,0,0.3,0.8,0,0,1
198,Leonard Miller,MIN,20,3,2,1,2.3,0,0,0.3,0,0,0.3,0,0,0,0,0.3,1,1.3,0,0,0,0,0,1.6,0,0,2.3
198,Lindy Waters III,OKC,26,3,3,0,2.8,0,0,0.3,0,0,0.3,0,0,0,0,0,0.3,0.3,0,0,0,0,0,0.4,0,0,-1.3
198,Matt Ryan,NOP,27,1,0,1,2.5,0,0,1,0,0,1,0,0,0,0,0,1,1,0,1,1,0,0,3.2,0,0,2
198,Olivier-Maxence Prosper,DAL,21,3,1,2,3,0,0,0.7,0,0,0,0,0,0,0,0,1,1,0.3,0,0,0,0,1.7,0,0,-2
198,Orlando Robinson,MIA,23,1,0,1,2.5,0,0,1,0,0,1,0,0,0,0,0,1,1,1,0,0,0,0,2.7,0,0,3
198,T.J. Warren,MIN,30,3,2,1,3.8,0,0,0.7,0,0,0.3,0,0,0,0,0.7,0.3,1,0.3,0,0,0,0,1.7,0,0,2.3
198,Thaddeus Young,PHX,36,1,0,1,3.6,0,0,0,0,0,0,0,0,0,0,0,0,0,0,0,0,0,0,0,0,0,-5
198,Thanasis Antetokounmpo,MIL,31,2,0,2,2.4,0,0,0,0,0,0,0,0,0,0,0,0,0,0,0,0.5,0.5,0.5,3,0,0,1
